slug,name,category,desc
thep-xay-dung,Thép xây dựng,Gang thép,Thép thanh, cuộn, đáp ứng tiêu chuẩn chất lượng cho công trình.
ong-thep,Ống thép,Ống thép,Ống hàn, ống mạ kẽm dùng cho xây dựng và cơ khí.
ton-ma,Tôn mạ,Tôn mạ,Tôn mạ kẽm, mạ màu ứng dụng dân dụng và công nghiệp.
dien-lanh,Điện lạnh,Điện lạnh,Tủ đông, tủ mát cho gia đình và thương mại.
noi-that,Nội thất,Nội thất,Vật dụng gia dụng, nội thất văn phòng, gia đình.
may-phat,Thiết bị công nghiệp,Thiết bị công nghiệp,Thiết bị, máy móc phục vụ sản xuất.
